From,To
"29.9537,-90.07775","42.34184,-71.12279"
"30.5,-91","31.21,-90.5"
"34.712,-90.21","33.3,-92.1"
